<?xml version="1.0" encoding="UTF-8" ?>
<!DOCTYPE configuration
        PUBLIC "-//mybatis.org//DTD Config 3.0//EN"
        "http://mybatis.org/dtd/mybatis-3-config.dtd">
<configuration>
    <settings>
        <!-- 遅延読込み -->
        <setting name="lazyLoadingEnabled" value="true" />
        <!-- カラムラベル使用可否 -->
        <setting name="useColumnLabel" value="true" />
        <!-- アンダースコアを含むカラムをキャメルケースにマッピングするか -->
        <setting name="mapUnderscoreToCamelCase" value="true" />
    </settings>
    <mappers>
        <mapper class="com.example.javasamplepj.domain.mapper.UserMapper" />
    </mappers>
</configuration>